"DATETIME","HIGH","LOW","CLOSE","VOL"
"1503014400","4354","3960","4090","53454616"
"1424304000","244","225","244","46"
"1424390400","245","240.25","240.25","55"
"1424476800","245","245","245","14"
"1424563200","249","235","235","129"
"1424649600","235.001","235","235","96"
"1424736000","239.75","235","239.75","149"
"1424822400","239.75","237.75","237.75","221"
"1424908800","239.79999999","237.75","238.5","0"
"1424995200","249","238.49999999","249","383"
"1425081600","251","240","240.00006025","17"
"1425168000","251","240.0001205","251","0"
"1425254400","269","251","269","98"
"1425340800","274.5","255","267.21999999","442"
"1425427200","280.00000001","258.87499998","280","245"
"1425513600","280.89","257","257.00012","117"
"1425600000","271.00199999","260","260","84"
"1425686400","260.00000522","260.00000522","260.00000522","0"
"1425772800","275.002","260.000031","260.00003101","30"
"1425859200","285","260.00003101","264.00000533","128"
"1425945600","291","264.00006385","291","54"
"1426032000","292.95011129","276.00000001","276.00000001","42"
"1426118400","289.00010602","276","276.00000112","2"
"1426204800","300.99999959","275.11000009","275.11000009","57"
"1426291200","275.1100001","275.1","275.10000036","48"
"1426377600","282.10800036","275.1","282.10800036","29"
"1426464000","300.9999995","275","275","25"
"1426550400","275.00000003","275.00000003","275.00000003","0"
"1426636800","282.00000001","262.09000001","262.09000001","164"
"1426723200","267.01000006","248.82158047","264.84631516","713"
"1426809600","267.97667574","254.82343263","263.56083094","132"
"1426896000","263.56083094","254.69135706","263.19298262","201"
"1426982400","267.51684843","263.77341","267.51684843","64"
"1427068800","274.29809789","260.67351138","260.67351138","61"
"1427155200","271.59604827","242.5255","242.52550736","490"
"1427241600","273","247.47551488","247.47551488","90"
"1427328000","251.36855193","242.5255","242.5255","2"
"1427414400","253.3527","242.91750001","253.3527","0"
"1427500800","258.88067929","243.6819","248.72849578","7"
"1427587200","252.0705","247.96933001","247.96933001","8"
"1427673600","254.35279355","242.52550001","254.35279355","29"
"1427760000","253.7301","242.5255","249.33852966","28"
"1427846400","250","239.87000019","249","14"
"1427932800","255","229.00000001","255","62"
"1428019200","255","253.5","255","27"
"1428105600","254.42717667","248.9973997","254.42717667","184"
"1428192000","262.66977114","252.07634469","254.69622183","125"
"1428278400","254.69622183","254.69622183","254.69622183","0"
"1428364800","257.80755","252.10286502","253.116","366"
"1428451200","268","245.691","248.28703147","396"
"1428537600","269","240.88000001","269","910"
"1428624000","249.89999998","99.00000007","236.195","447"
"1428710400","249.89999997","230.10000001","234.8725","2872"
"1428796800","235.735","230.10000001","232.05","1952"
"1428883200","245.99999999","230.10000001","245.99999987","91"
"1428969600","234.000076","213.7184","219.90926541","373"
"1429056000","225.1395","217.69520791","225.1293","100"
"1429142400","229.57789808","221.29080708","229.57789808","266"
"1429228800","226.62358212","222.9346875","223.48807719","45"
"1429315200","221.65615001","221.5","221.5","44"
"1429401600","225.5","223.57789808","223.57789808","21"
"1429488000","229.5051","223.57789808","223.57789808","13"
"1429574400","233","223.57789808","229.7512","31"
"1429660800","238.374","230.5666","230.5666","36"
"1429747200","238.374","229.6777","231.55429753","70"
"1429833600","235.49749476","223.57789808","235.0896","1"
"1429920000","233.0649","223.57789808","223.57789808","1"
"1430006400","223.57789808","206.56436228","212.1681","555"
"1430092800","219.01","214.2427","219.01","390"
"1430179200","227","227","227","0"
"1430265600","227","227","227","4"
"1430352000","255","227","241.997374","389"
"1430438400","243.432375","233.1665","233.1665","26"
"1430524800","235","235","235","3"
"1430611200","239.4042","235","239.4042","92"
"1430697600","239.4042","233.99829863","233.99829863","48"
"1430784000","233.1763","229.6875","231.0154","1"
"1430870400","240","225","225","0"
"1430956800","226","225","225","0"
"1431043200","249.53240001","240","249.53240001","29"
"1431129600","249.53240001","238.5565","238.5565","115"
"1431216000","246.25","246.25","246.25","0"
"1431302400","246.25","225","241.1937","133"
"1431388800","244.90444044","239.07113593","244.90444044","5"
"1431475200","239.39988755","239.39988755","239.39988755","0"
"1431561600","249.53240001","236.01","243.26620001","318"
"1431648000","254","237.005","243.31250001","34"
"1431734400","252.99999999","243.31250001","243.5","115"
"1431820800","249.99999999","243.31250001","243.31250001","44"
"1431907200","245.5","235.00000001","242.42424242","31"
"1431993600","260","230.5","243.99999999","20339"
"1432080000","243.99999999","232.00000002","232.52023435","21723"
"1432166400","233.14749997","230.83999767","232.52549999","9008"
"1432252800","237.40539423","232.52549999","236.50775007","69"
"1432339200","242","235.6075675","241.78343249","26"
"1432425600","243","235.65603177","243","32"
"1432512000","242","234.15866811","234.947125","23"
"1432598400","241.6212575","234.326575","235.32585376","72"
"1432684800","241","235.66789119","239.8186175","10"
"1432771200","241.72665748","236.913","237.7","271"
"1432857600","243","237.34458299","237.35460214","142"
"1432944000","237.99999999","234.326575","234.326575","10"
"1433030400","240.99999999","233.00000001","233.00000001","37"
"1433116800","239.9799959","231.33781455","231.33781455","75"
"1433203200","234.99999967","223","232.9999998","157"
"1433289600","232.99999995","224.00000001","232.99999995","64"
"1433376000","229","225","225","13"
"1433462400","229","225.00000001","229","8"
"1433548800","227.00000008","224.00001675","226.99999844","23"
"1433635200","243.00000001","225","230","282"
"1433721600","229.999999","226.00000001","229.999999","4"
"1433808000","237","230","230","48"
"1433894400","238","230","237","136"
"1433980800","239.99899992","229","239.99899992","21"
"1434067200","239.99899992","229","230","12"
"1434153600","239.99899992","231.00000001","239.99899992","44"
"1434240000","239","232.50000001","239","1"
"1434326400","237.49999999","234.00000001","237","59"
"1434412800","241.80000001","234.32","234.32","95"
"1434499200","250","234.32","250","357"
"1434585600","254","245","252.76067842","268"
"1434672000","256.64346013","243.0141492","249.99999989","913"
"1434758400","249.99999989","238.00000001","241.704225","413"
"1434844800","246.49999999","238.74611776","246.49999999","198"
"1434931200","250.95562501","243.18145623","245","270"
"1435017600","249","244","244","17"
"1435104000","247.85175","233.79446564","237.14437355","2044"
"1435190400","245.49772898","238.63595","244.25750294","265"
"1435276800","244.8","239","244.8","35"
"1435363200","250","240.0000024","250","170"
"1435449600","249.98999999","245","249.98999999","0"
"1435536000","255.67500001","246.90192338","255.66999999","62"
"1435622400","263.8815","255.17352623","259.365275","206"
"1435708800","263.05759894","253.65851835","263.05759894","289"
"1435795200","256.92304903","255","255","31"
"1435881600","256.22301049","255","256.22301049","19"
"1435968000","257","253.48779475","257","92"
"1436054400","276.58553125","254.53392093","266.99","403"
"1436140800","300.9999993","266","268.03348967","358"
"1436227200","267.65000001","262.89154266","262.89154266","92"
"1436313600","276.46321919","263.482575","270.00000001","368"
"1436400000","270.5888486","265.77514014","267.1","288"
"1436486400","289.32575","270.09999999","286","822"
"1436572800","298.25850978","265.41403","290.00000001","522"
"1436659200","312.24054041","296.10649522","312","825"
"1436745600","307.00000001","270.00000001","288.88888699","1000"
"1436832000","292.84749999","288.88888699","288.888887","76"
"1436918400","292.8475","283.32791599","283.32791599","278"
"1437004800","292.8475","280.233","281.43066515","510"
"1437091200","281.43066515","274.74360024","280.134925","268"
"1437177600","275.57345","274.24387431","275.519275","29"
"1437264000","281.454425","272.90902501","277.99999883","108"
"1437350400","282.49798267","274.14820466","281.9264","273"
"1437436800","285.99878125","279.1","279.86050498","327"
"1437523200","282.794225","278.00000001","278.00000001","485"
"1437609600","278.00000449","278","278","51"
"1437696000","284","278","284","167"
"1437782400","294.16835476","283.75387501","283.93117501","211"
"1437868800","293.92369999","286.90364013","288.05340001","3"
"1437955200","293.19131973","284.866925","293.19131973","256"
"1438041600","294.38714898","290.35343548","291.45133763","80"
"1438128000","299.4672167","291.45133763","295.14679126","428"
"1438214400","293.39719705","284","284.61055662","239"
"1438300800","287.88215399","284","285.049","29"
"1438387200","284.00000001","275.7245078","279.84502254","301"
"1438473600","286.438075","280","286.438075","106"
"1438560000","288.96564431","284.28627499","288.96564431","75"
"1438646400","288","281.10448572","288","11"
"1438732800","288.965425","279.79331405","287.5698","9"
"1438819200","283.738175","275.637475","283.738175","167"
"1438905600","277.22849063","275.9225","275.9225","62"
"1438992000","282.235975","262.64762661","263","1032"
"1439078400","269.75811042","262.101","268.86343705","410"
"1439164800","266.21932357","262.1","266.21932357","9"
"1439251200","269.25604587","261.60615343","269.25604587","247"
"1439337600","275.6263664","263.32859493","265.413175","682"
"1439424000","269.87728091","260","263","838"
"1439510400","265","255","265","556"
"1439596800","267","258.27685","258.27685","147"
"1439683200","264.818575","256.76429583","256.76429583","247"
"1439769600","263.884775","257.00000516","262.37255219","115"
"1439856000","262.38059156","174.57013394","178.7193125","2979"
"1439942400","241.876825","191.29999999","226.99999929","5214"
"1440028800","241.75778125","226.99999785","234","1900"
"1440115200","242.0500026","228","233.13000186","2623"
"1440201600","285","225","230.25950309","1097"
"1440288000","236.14959975","226.43859881","228.4526468","369"
"1440374400","236.99999909","201.45752417","211","6440"
"1440460800","219.99000003","197.57400001","219.99000003","5064"
"1440547200","227.99000003","216.15825722","227.97999999","1337"
"1440633600","229.19941841","208.3","219.99999999","1607"
"1440720000","233.99000003","212.183456","230.14","306"
"1440806400","235","220","235","925"
"1440892800","226.90000001","211.01100212","215.025","973"
"1440979200","226.9","211","225.04000001","624"
"1441065600","229.5","223.32478814","223.94469998","995"
"1441152000","232.99999999","222.28830581","226.00000001","391"
"1441238400","232.67213551","224.35971855","231.00000001","163"
"1441324800","231.00000001","225.00000001","231.00000001","272"
"1441411200","238.99000003","226.54264212","233.00000001","1058"
"1441497600","243.22733484","233.00000001","237.7529","746"
"1441584000","245","236.5","244.9","1928"
"1441670400","243.5","239.90000002","239.90000002","27"
"1441756800","243","236.5","240.59999943","772"
"1441843200","243.83099999","236.50000001","243.83099999","172"
"1441929600","255.00000001","236.37099997","238.70000001","1385"
"1442016000","244.90709278","236.61000002","240","696"
"1442102400","237.60200001","226.5","226.5","487"
"1442188800","233.97779999","226.50000021","228.50000008","201"
"1442275200","232.9999994","228.50000285","232.99999594","120"
"1442361600","233.47357311","230.00003003","230.00003006","41"
"1442448000","235.68915619","231.47357312","232.50000003","99"
"1442534400","238.26400001","232.50000051","238.26400001","61"
"1442620800","235.8","231.47357311","234.47","177"
"1442707200","234.47","231.47357312","234.47","67"
"1442793600","233.00000001","227.16978664","227.49998999","374"
"1442880000","232.49999989","225.91","226.516353","637"
"1442966400","232.4999999","227.5413","228","77"
"1443052800","235","228","235","619"
"1443139200","238.26400001","232.01000001","238","210"
"1443225600","238.00000001","232.5","233.000001","115"
"1443312000","237.09999999","233.000007","233.00050075","28"
"1443398400","243.493875","232","243.19999998","8239"
"1443484800","245.4999","234.68665","242","6796"
"1443571200","245.4","233.000001","238.00000001","680"
"1443657600","242.69999999","236","242.69999999","244"
"1443744000","243.5403","236.20001","240","458"
"1443830400","242.999","237.99","242.979","30"
"1443916800","242.979","237.99","242.969","53"
"1444003200","242.969","236.97900001","236.98","131"
"1444089600","249.76639999","236.98000001","242.25","520"
"1444176000","252.38676","241","243.00000001","586"
"1444262400","248.49999932","242.06","242.30000243","262"
"1444348800","246.89","242","244.00000001","443"
"1444435200","246.5","242.40020005","243.1","101"
"1444521600","248.28210623","243.1","248.28210592","950"
"1444608000","248.37944518","243.5092607","244.6001001","195"
"1444694400","250.39999882","244.6001001","248.47210201","280"
"1444780800","257.26208372","247.15829748","252.29997287","736"
"1444867200","262.66813468","251.02606982","259.2432","1223"
"1444953600","266.08098303","254.00954551","266.08098303","796"
"1445040000","277.6389","261","267.04218175","699"
"1445126400","272.99999996","261","269.99999999","1209"
"1445212800","269.99999999","261.50000001","263.00000023","205"
"1445299200","275.5","262.00000001","275.49999","1011"
"1445385600","275.49999","261.9246","266.30000001","2331"
"1445472000","276.14700001","261","276.14699996","2238"
"1445558400","284.29949888","270.31000003","277.86212966","917"
"1445644800","283.92550526","278.49899517","280.00001","435"
"1445731200","298.73999999","281.60227631","287.85000016","4739"
"1445817600","291.01634988","279","281.49999999","3372"
"1445904000","298.5","281","297.49999395","5466"
"1445990400","307.75","281.01633477","295.19768986","6478"
"1446076800","314.6753","293.31363296","312.59999894","7229"
"1446163200","326.87000009","307.1","326.87000009","15426"
"1446249600","332","306.45969915","310.00000001","9455"
"1446336000","328.96200408","312.08011732","326.74446166","1128"
"1446422400","370.02602501","320.366901","369.02958148","10188"
"1446508800","424","355.87499999","400","28008"
"1446595200","477","359.48965566","393","50090"
"1446681600","416.05800073","366.71097058","383.09999996","22723"
"1446768000","398.88888888","350","379","15753"
"1446854400","397.3333333","367.30009891","390.99999994","14135"
"1446940800","389.35","369","371.00000001","3371"
"1447027200","387.9099995","362.99999999","384.55","11796"
"1447113600","385.63229092","327.70000002","335.20014911","13633"
"1447200000","341","303.33311004","313.13","24073"
"1447286400","343.29180826","308.99607256","339","8966"
"1447372800","343.10639329","325.00000001","339.01194","6071"
"1447459200","340.19","332.2","340.19","3876"
"1447545600","341.1","318","318","27998"
"1447632000","336.00400001","318","332","3587"
"1447718400","340","331","334.01010403","5314"
"1447804800","341.77699995","334","336.31001221","3288"
"1447891200","337.89998789","320.10000001","328.999999","5716"
"1447977600","332.95","317.99999999","327.50000001","5201"
"1448064000","335.34000003","323","328.79999999","4224"
"1448150400","334.68999999","323.1","331.9","3956"
"1448236800","334.69","324.00004591","325.47","415"
"1448323200","329.99","321","321","5114"
"1448409600","329","318.10010001","326.99","4363"
"1448496000","366.95586085","326.99047556","355.10127219","12795"
"1448582400","378.888888","349.00000605","361.99995456","5368"
"1448668800","364","354.00000001","356","8422"
"1448755200","378.888888","356.50014836","375.00000004","2090"
"1448841600","385.00000001","371.99999999","379.49999999","4270"
"1448928000","379.39999999","355","364","6039"
"1449014400","366.36659","353.525125","365.65493181","3623"
"1449100800","375","356.00000801","366.99999998","2682"
"1449187200","366","355.12278158","365.51","4006"
"1449273600","392.265","360.12706417","380.45053057","14923"
"1449360000","400.00000001","380.99663008","390.30007076","9688"
"1449446400","403.00000001","388.00009037","394.20032806","6553"
"1449532800","418.5542986","392.20000001","418.5542986","8458"
"1449619200","428.99999997","404.48417735","421.9999999","14490"
"1449705600","425.17679999","410.000021","425.17679999","5793"
"1449792000","456.65800001","418.63267478","452.70000009","22657"
"1449878400","468","405.66284539","430.15422975","24374"
"1449964800","444.99999993","423.25","433.00000202","8316"
"1450051200","449.49498","431.00007782","443.09999999","4180"
"1450137600","465.15045069","442.99999993","465.15045061","15161"
"1450224000","468.49999999","445","453.000001","10825"
"1450310400","457.9999","451","453.500001","1346"
"1450396800","465","453.000001","460","5049"
"1450483200","466.929","452.130001","460","11513"
"1450569600","460","431.01","438.10101011","11042"
"1450656000","443.0999999","426","439.7999","11583"
"1450742400","439.83131689","432.2589971","434.84381765","6790"
"1450828800","446","434","445.67999996","2590"
"1450915200","464.88566999","441.52188074","453.06292574","5436"
"1451001600","459.39999999","450","455","1783"
"1451088000","460.999999","409.000166","418.53822857","11361"
"1451174400","429.68242294","412.32","421.24000002","5994"
"1451260800","431.69037499","417.00000001","423.59556697","3195"
"1451347200","437.0783412","421.1","427.00000001","3568"
"1451433600","434.07","420","425.12","3505"
"1451520000","430.57315002","417","430.57315002","2539"
"1451606400","435","428.26000202","434.98999999","2975"
"1451692800","438.13999999","430.5","436.9499","944"
"1451779200","435.61499822","426.45308869","428.14","683"
"1451865600","435.999999","427.29114042","432.00001111","724"
"1451952000","435.999999","429.5695","430.37677352","427"
"1452038400","434.99999973","427.290001","427.50002018","819"
"1452124800","458.89700208","427.50057343","458.89700208","10706"
"1452211200","468","446.99999999","453.05","5912"
"1452297600","457.3980537","447.00037915","447.420001","1879"
"1452384000","453.02999998","440.02000706","450.72851988","9116"
"1452470400","455.66999999","444.89","447","7224"
"1452556800","448.62","434.07784163","434.4962313","7525"
"1452643200","439.69999998","424.001","433.68500408","9072"
"1452729600","434.99999999","424","429.49640246","2267"
"1452816000","429.49640246","358.000006","362","27192"
"1452902400","387.99999999","333.6","386.4618669","19523"
"1452988800","394.1","369.71695546","370","13842"
"1453075200","399.94999999","367.11112952","388","22196"
"1453161600","395","376.73464414","378.50200171","8779"
"1453248000","422.88270948","377.4225","422.88270948","15387"
"1453334400","420.42999999","401.43089234","406.0000001","6751"
"1453420800","413.26513434","375","380.97271858","6756"
"1453507200","404.36071952","378.02890176","389.94000001","13328"
"1453593600","407.91799999","378.80930001","402.85787573","10516"
"1453680000","406.80087625","384.90950034","391.17000081","18108"
"1453766400","399.65700001","384.90950034","395.11999999","15647"
"1453852800","401.17609864","384.332","396","12979"
"1453939200","391.19000101","374.68813274","378.0000001","11050"
"1454025600","381.0000001","357.59046709","376.8600002","12980"
"1454112000","380.5","371.2","378.66999987","1781"
"1454198400","380.5","362.60000001","367.33999995","8407"
"1454284800","380.09999995","360.5","370.45","13509"
"1454371200","377.7777777","368.67145259","368.6900001","5604"
"1454457600","373","351.8881965","358.52","9004"
"1454544000","389.59999999","358.51","389.59999999","17028"
"1454630400","397.97511686","380.3530589","385.98899663","22708"
"1454716800","388.18962933","371","377.63999823","15583"
"1454803200","381.67419373","368.99999823","372.99999916","15932"
"1454889600","379.00999997","369.09999999","369.65447893","6479"
"1454976000","380.49","369.65451242","376.71518383","20723"
"1455062400","385","364.1000001","382.97999999","37846"
"1455148800","388.254","371.00000001","387.95","21454"
"1455235200","415.01869658","320","385","56849"
"1455321600","397.99999998","380.31135223","391.98999996","44799"
"1455408000","406.00000681","390.01050005","404.88887998","29671"
"1455494400","408.7","397.59","403.8416231","40996"
"1455580800","412.79999999","399.00000352","408.00000009","26228"
"1455667200","426","399.55","413.50000048","48770"
"1455753600","424.76999998","411","418.10000823","34912"
"1455840000","424.8","413.00000001","417.00000354","14617"
"1455926400","440","416.001","436.5100001","37972"
"1456012800","445","420.48999982","441.00000442","35817"
"1456099200","441.00000442","429.17","440","23594"
"1456185600","440.00000001","413.42","416.10000178","60429"
"1456272000","425.09999896","405.99500043","409.45245","39025"
"1456358400","425.70181751","384.02000001","422.999999","77657"
"1456444800","432.48000001","411.88900001","432.48000001","37088"
"1456531200","434.99999","421.00100001","425.52","18908"
"1456617600","439.44","380.99999","432.84999997","71879"
"1456704000","441.30464888","431.55004679","436.1","30212"
"1456790400","442.89999999","424.73000001","434.00000001","53433"
"1456876800","438.9999999","422.13646503","425.98623253","35872"
"1456963200","433.89","408.08999991","417.24","81434"
"1457049600","437.4944444","393.33","408.14999999","79482"
"1457136000","410","378.88","392","129675"
"1457222400","433","378.99","407.00000002","119132"
"1457308800","420.02688172","401.7","409.9","62823"
"1457395200","415.60594081","402.83042801","410.40000001","47787"
"1457481600","415","401.00000003","404.4","82827"
"1457568000","419.9","402.25185002","416.60126","64807"
"1457654400","424.44475104","413.98","421.1","39582"
"1457740800","422.06999999","406.57296965","410.5","118475"
"1457827200","416.58836052","403","410.79","67860"
"1457913600","420","385","411.95000001","174393"
"1458000000","419.98956999","408.05","413.49000459","32758"
"1458086400","419.9","409.48402084","418.1","39999"
"1458172800","428.85247103","414.5","418.30999999","74062"
"1458259200","421","395.00010001","404.91999981","149460"
"1458345600","416.795","400","404.25730345","68209"
"1458432000","415.71129614","404.26","409.98","39316"
"1458518400","412.98","402.92","404.36491835","65750"
"1458604800","418.59410249","403.96155785","414.99458","47490"
"1458691200","423","413.67326001","416.6","32499"
"1458777600","423.81442871","414","418.8","57163"
"1458864000","418.88","413.50108799","416.71542144","9248"
"1458950400","420.59117429","413.93","418.32335169","23467"
"1459036800","428.99999996","415","424.0852","50868"
"1459123200","428.75209124","420","425.39092016","48232"
"1459209600","428.5","410","416.965","74052"
"1459296000","420.499","410","414.3","106608"
"1459382400","420.42259642","414.30000001","417","16043"
"1459468800","420.04","416.0000001","418.2","12339"
"1459555200","424","418.00000001","421.56301498","68343"
"1459641600","424.5","419.91910001","423.99899758","65653"
"1459728000","423.999","420.2","420.50000777","26764"
"1459814400","425.887","420.20000007","424.15999996","32694"
"1459900800","425.938118","420.55","422.49957852","35692"
"1459987200","424.7050012","420.083","423.99999994","19851"
"1460073600","426.5","418","419.00010005","54145"
"1460160000","426.7","414.140001","420.5","55845"
"1460246400","425","415.1500001","419.71930424","90353"
"1460332800","424.77","419","422.75262835","16320"
"1460419200","429.98","422.4","424.89","69844"
"1460505600","427.5","423.24","425","29207"
"1460592000","428.999","423.511","427.17996899","35223"
"1460678400","437.30488611","424.81799693","430.61709605","28984"
"1460764800","436.34562405","429.599999","430.85","20080"
"1460851200","438.79118705","426","428","71854"
"1460937600","432.8","427.2","430.31052983","46770"
"1461024000","440.53415106","427.28621864","437.93750001","30095"
"1461110400","448.54054299","434.15442601","443.12202632","41707"
"1461196800","459.24500033","440.74000012","450.79900002","67739"
"1461283200","456.74703717","445.63418304","447.539519","64890"
"1461369600","454.82827541","446.62111001","453.11","29399"
"1461456000","464.38504995","451","460.90144101","28173"
"1461542400","474.06891535","456.55000001","465","60588"
"1461628800","472.47999999","463.223","467.75","49164"
"1461715200","469","443","443.02499607","105687"
"1461801600","451.1","421.91","451","57940"
"1461888000","484.484","445","455.94999999","34717"
"1461974400","456.456","440.01","445.68435605","43524"
"1462060800","455.2","442.0272721","446.99655141","20456"
"1462147200","451.19999999","425.9","445","75384"
"1462233600","450.9","440.2","450.858","22492"
"1462320000","450.858","444.21390929","449.48999999","6435"
"1462406400","451.89","444.54430455","446.1200002","19991"
"1462492800","463.04787573","444.47999995","461","30812"
"1462579200","461.9999","455.32799997","457.76002301","25239"
"1462665600","463","455.41","459","14279"
"1462752000","465.07029999","456.06","463.226","12764"
"1462838400","464.8342","449.48999997","449.5","28709"
"1462924800","455.71900601","449.48999997","450.23617237","20983"
"1463011200","455.06","448.09","454.44000449","19977"
"1463097600","457.98","450.13","453.37281795","22561"
"1463184000","457.75","450","455.63002825","27114"
"1463270400","463","454.26416333","459.15690131","26740"
"1463356800","461.979999","450.9","453.97511699","46775"
"1463443200","457.96737983","448.99999999","450.71421308","25510"
"1463529600","456.69","443.80092386","447.98","71102"
"1463616000","454.89813585","432.3333","434.36388823","96675"
"1463702400","444.44444443","422.0071547","436.00000437","90187"
"1463788800","440","418.17508636","435.35569089","53869"
"1463875200","450","420","434.17000002","51438"
"1463961600","444.97999999","430.00000001","441.27","31745"
"1464048000","449","439.5000001","447.93890015","39450"
"1464134400","453.35","444","445.26100055","29201"
"1464220800","454.95834691","445","452","29263"
"1464307200","477.85000015","450.76000448","460.00000005","179049"
"1464393600","521","461","489","342700"
"1464480000","551.00000005","480","525.20000331","345968"
"1464566400","542.43419978","522.0149885","534.5","174162"
"1464652800","549","510.50000001","529.99999","227226"
"1464739200","541.99999999","517.28","535.5","203694"
"1464825600","539.83129126","531.78309789","536.8725","75318"
"1464912000","579","534.52000018","565.06714367","289992"
"1464998400","592.17","560.00000003","574.49999999","263136"
"1465084800","583.5","570","577.59999985","79908"
"1465171200","586.01","574.06772283","584.00999998","92130"
"1465257600","589","560.102","576","163525"
"1465344000","583.12345678","569.1","583.12345678","52595"
"1465430400","582.46999999","567.62649842","579.96999999","52841"
"1465516800","579.99999999","573","579.13","50429"
"1465603200","597","579.13","597","93658"
"1465689600","683","594","666.96500001","504576"
"1465776000","700.64880369","653.57765611","693","716875"
"1465862400","698.9","585","674","1013464"
"1465948800","697.546","662.33","691.999","375147"
"1466035200","774.767","690.50989865","764","1064094"
"1466121600","770.99999999","687.01","747","2372250"
"1466208000","788.899999","705","757.89000001","1518681"
"1466294400","775","741.019","763.419","622609"
"1466380800","767","720.1","728.99999999","965227"
"1466467200","727.37099934","639.7","668.50015","2234073"
"1466553600","700.68280717","580","592.296","1758227"
"1466640000","649","555.1","634.67","1827667"
"1466726400","687.48000001","630.50000012","660","1596492"
"1466812800","710.00000001","640.02000001","663.45016787","953516"
"1466899200","671.86199999","616.3810001","630","513858"
"1466985600","656.66666666","621.01","656.66666666","360764"
"1467072000","661.19993856","638","649.48524687","482132"
"1467158400","648.62251249","616.6","637.5","401964"
"1467244800","683.22","633.00000001","675.50000002","575967"
"1467331200","690.32099999","666.7459996","677","484663"
"1467417600","707.06764424","674","705","318780"
"1467504000","706.99","641.51","657.28399283","563630"
"1467590400","681.99999999","635","677.30000001","690804"
"1467676800","681.99999999","660","669.41998679","378608"
"1467763200","680.63300012","665.00300536","677","224417"
"1467849600","680.6","594","638.6","1068913"
"1467936000","667.00000001","634.2","667.00000001","538638"
"1468022400","669.65","623","651.99999989","593459"
"1468108800","652","638","648.53100024","169653"
"1468195200","664.48","645.0131","648.02000649","366451"
"1468281600","678","645","666.66666666","321271"
"1468368000","672.06099999","654","657.24999998","207745"
"1468454400","669.9","651","659.50978497","218290"
"1468540800","677.98","658","665.96077199","198798"
"1468627200","672.8","659.95","667.47426499","148182"
"1468713600","690","664.00000051","685","162614"
"1468800000","686.68699479","668.325","676.953","375811"
"1468886400","677.90999481","667.90000001","676.49999989","240125"
"1468972800","677.41999477","661.55500001","667.23788745","178461"
"1469059200","669.00298217","659.86262502","663.98300519","117382"
"1469145600","670","641.30499564","646.75499481","376350"
"1469232000","658.21735","644.1210053","656.6399948","181302"
"1469318400","667.09096814","651","664.49999833","402297"
"1469404800","664.99999999","650.37997536","653","178546"
"1469491200","662.01070364","639.51","655.08851717","660817"
"1469577600","661.000009","642","657.99999999","234900"
"1469664000","659.5","654.00000013","656.34100519","44842"
"1469750400","661.94","653.56999481","657.99001516","98827"
"1469836800","661.21999466","652.001","656.42000519","83940"
"1469923200","656.74701","616.88400325","624.84499481","518136"
"1470009600","630.04001521","602.07155041","610.04999481","967261"
"1470096000","616.7439333","462.94999479","531.60000008","3248971"
"1470182400","590","511.073869","566.18900527","2149258"
"1470268800","595.34100603","566.22900523","581.04100001","1041142"
"1470355200","584.97999998","569.000031","574.75600001","312077"
"1470441600","592.001","563.001","582.53300002","524834"
"1470528000","625","584.86400001","602.00004615","704568"
"1470614400","613.34653466","591.78361695","597.99999899","348890"
"1470700800","625.29967988","586.0000005","602.00001069","864945"
"1470787200","619","590.00000001","594.68600519","722794"
"1470873600","605.51249999","585.03","589.24000523","576238"
"1470960000","603.21","582.6286338","587.04601803","439698"
"1471046400","592.01916177","583.1","583.53000526","180267"
"1471132800","585.60598364","561.0001","567.998863","611289"
"1471219200","598.875","561.01000001","565.7999886","429359"
"1471305600","583.88999998","561.97999991","576.52023523","358097"
"1471392000","580","566","574.85998412","266777"
"1471478400","578.201","566","576.4709936","240698"
"1471564800","576.97628147","562.98575308","575.99006035","206821"
"1471651200","584.0510751","570.31156601","581.99999999","204748"
"1471737600","585.05","580.20000001","580.87500552","104998"
"1471824000","594.98999999","578","588.38599481","499539"
"1471910400","595","580.1","585.03999477","510550"
"1471996800","589.81064312","578.50000001","583","247364"
"1472083200","582.9899867","572.99999999","575.78999591","275660"
"1472169600","585.92252841","574.05000008","578.97999795","277381"
"1472256000","578.97999786","565.00000002","572.35799479","294008"
"1472342400","577.71735618","562.98575308","574.1719607","614303"
"1472428800","589","570.6650052","573.6960052","879169"
"1472515200","584.31999999","572.42180328","579.96000001","334361"
"1472601600","581.83825636","572.02874947","573.81003125","338189"
"1472688000","577.57754404","570.16069518","574.34090776","369562"
"1472774400","598.61000177","570","576.01000003","570336"
"1472860800","614.99799999","560.33","610.41999481","1252396"
"1472947200","620","600","610.65","664441"
"1473033600","615","603.30830002","610.10000541","665842"
"1473120000","616.9","608","614.74713894","421109"
"1473206400","623.9","609.726108","619.72886368","591237"
"1473292800","635.6916378","615.33010519","634.26777916","409016"
"1473379200","634.8999947","621.1","627.00000002","297066"
"1473465600","630","623.30000021","627.99998771","118418"
"1473552000","635.95","591.66395154","610.51369403","526386"
"1473638400","618","607.43117447","611.99999999","374215"
"1473724800","620.6","608.4","614.00100015","447833"
"1473811200","618.30045086","612.55","615.59957393","227947"
"1473897600","616.62578322","609","612.6","322701"
"1473984000","614.48979942","608","608.47603904","232030"
"1474070400","612.01975329","605.99999359","608.99999997","127673"
"1474156800","617.47","606.89544201","612.35478011","185760"
"1474243200","614.71983807","608.12198402","609.00000008","180273"
"1474329600","616.98079117","603","603","493177"
"1474416000","605.50918039","593.2","597.49999999","409252"
"1474502400","600","595.02200012","597.15000008","258328"
"1474588800","605.31364962","596.1489746","604.1449957","366227"
"1474675200","608","602","603.79999964","135880"
"1474761600","605","598.68232627","601.89673437","89145"
"1474848000","610","600.34170207","607.80651197","197249"
"1474934400","610.94593703","603.02469015","606.04401133","175943"
"1475020800","607.24597648","603.17306638","604.20000002","104636"
"1475107200","608.7","604.2","607.39999791","109545"
"1475193600","612","605.00050011","611.5050501","136738"
"1475280000","616.99999999","610.90421062","613.62569006","178032"
"1475366400","615.66734371","607.50050313","611.66651183","127511"
"1475452800","614.85","609.17596586","612.99999628","152064"
"1475539200","613.78464703","608.58724194","612.26038093","135190"
"1475625600","616.99999999","608.58704168","613.05897033","295410"
"1475712000","616.35952319","611.51469128","614.00957436","210280"
"1475798400","621.88716005","611.2","617.53312308","157596"
"1475884800","623.72135462","617.00000001","620.49000058","154673"
"1475971200","621.32345625","615.5562341","617.00000001","144299"
"1476057600","621.329","615.55726872","618.75470275","164969"
"1476144000","643.5","618.25000002","642.96999999","615160"
"1476230400","643.99999999","635.1","636.00050012","224711"
"1476316800","642.65","635.20012345","639.37842931","146657"
"1476403200","642.7128","635.76290167","640","114740"
"1476489600","646","639","640.99999999","107106"
"1476576000","646.6","639.75980949","644.4626621","157178"
"1476662400","646.6","639.000001","640.60279395","531398"
"1476748800","641.99999998","631.80876656","637","120703"
"1476835200","641.94485909","626.05","632.53240637","231553"
"1476921600","636.18943575","626.91","633.64964643","102001"
"1477008000","637.16989999","630.48413396","632.88658111","67531"
"1477094400","670.87468175","632.56031148","663","396924"
"1477180800","669.02920717","655.01000003","658","216651"
"1477267200","659.37826053","653","655.6","75592"
"1477353600","666","652.96513003","658.48960538","233041"
"1477440000","685.58889338","658.01810158","677.75246256","407044"
"1477526400","689","675.1","688.90999999","415024"
"1477612800","695","683.27333681","692.69796292","465447"
"1477699200","724.5360206","691.23743598","713.14687271","1027083"
"1477785600","716.21000062","695.14000258","702.10000142","682354"
"1477872000","712.03122342","688","702.70116079","611620"
"1477958400","744.60000001","700","734.96999879","1075941"
"1478044800","748.9","723.86556408","747.79999999","495284"
"1478131200","751.002387","674.1323","690.777557","1514572"
"1478217600","712.83600687","684.44742857","708.73999977","449322"
"1478304000","711.8","700","709.02999479","255763"
"1478390400","721.90579101","701.35","712.37936","420875"
"1478476800","714.99999751","698.91028213","705.453","264740"
"1478563200","716","702.68039594","713.1480179","381995"
"1478649600","743.12345678","709.42981963","723.49652225","1091849"
"1478736000","727.07499999","710.01","716.89999719","328712"
"1478822400","722.85815314","709.60421896","718.70645592","316613"
"1478908800","720","699.07659926","705.0429297","310152"
"1478995200","706.99999041","681.7228","700.10507388","548329"
"1479081600","710.73657611","695","707.35","253720"
"1479168000","717.90021102","705.42398115","710.3","221195"
"1479254400","751.002387","709.05","743.42655325","777829"
"1479340800","757.00695209","735","739.5","615579"
"1479427200","755","734.1","752.2","316235"
"1479513600","759","740","750.92000083","235718"
"1479600000","757","715.65000002","732.00000001","518551"
"1479686400","742.68668396","730","738.60300615","128153"
"1479772800","751","731.58575284","748.17379309","357743"
"1479859200","751","731.00000001","739.31710591","336861"
"1479945600","745.00766316","728.28980075","737.70763551","332450"
"1480032000","740.2053982","731.000002","740.2053982","205491"
"1480118400","743","722.11138261","733.5","220043"
"1480204800","738.020211","727.00000001","729.72890417","150402"
"1480291200","735.83998546","727.5","731.31003027","115833"
"1480377600","735.35","728.1044379","731.2","183662"
"1480464000","745.17857021","727.89328149","738.5","247364"
"1480550400","755","738.91291171","755","298924"
"1480636800","782.43814906","753.35383601","775.72553148","681502"
"1480723200","776.77583641","756.77694722","764.25973783","215171"
"1480809600","772.5","761.97280902","771.79799933","147413"
"1480896000","772.963","747","753.3400001","552583"
"1480982400","763.51700987","748.87310374","758.21022346","659929"
"1481068800","770.5","753","766.08939045","307676"
"1481155200","773","760","768.52004359","179679"
"1481241600","774","765.59723565","769.22","131317"
"1481328000","776","769.1741091","774.97999209","116041"
"1481414400","774.97999993","753.25670245","768","321391"
"1481500800","780","767.47912171","779.09999996","272349"
"1481587200","786.70933342","766.52","776.60000001","288850"
"1481673600","781.99800122","773.19018763","777","159777"
"1481760000","781.99800089","776.00001001","777.00427907","106829"
"1481846400","784.7850419","774","782.32000001","131496"
"1481932800","794.12969878","781.36038303","794.12969577","206571"
"1482019200","795","785.50168337","789.30083165","126332"
"1482105600","794.999999","786","793.17870645","180525"
"1482192000","804.03440219","789.49985085","801.99499865","281043"
"1482278400","829.99626099","796.91935265","828.99","531600"
"1482364800","869","826.224","860.79999999","784872"
"1482451200","920","841.89484999","918.90561655","1787126"
"1482537600","918.90561637","880","893.60966646","828606"
"1482624000","899.48946432","850.88369341","896.35444823","1391652"
"1482710400","916.48999999","886.3237195","902","807680"
"1482796800","939.98603","899.28789852","933.9368203","1161298"
"1482883200","984.49999999","932.52200217","980.5","1697988"
"1482969600","983.53352975","950.48662063","974.75099999","1397035"
"1483056000","977","925.4","958.94500534","1526415"
"1483142400","967.51","946","966.17368384","408137"
"1483228800","1008.54999326","957.02","999.36463982","1196868"
"1483315200","1034.32896003","994.00000044","1019.00000076","1847781"
"1483401600","1042.02336482","1010","1037.1","1367241"
"1483488000","1148","1035.9006986","1136","4139509"
"1483574400","1159.103","882.01","998.8","9624745"
"1483660800","1024.88","870","896","5718737"
"1483747200","910.8275191","818.45971802","907.19047915","4446078"
"1483833600","939.65955395","891.1","916","2712345"
"1483920000","916.41833046","880","902","1561326"
"1484006400","915.83230945","898","907.1","783912"
"1484092800","927.82810365","751","781.81160101","6522541"
"1484179200","832.87989967","752.0102","803.6952791","3077949"
"1484265600","830.59290797","776.02899497","826","2009714"
"1484352000","836.04000001","801.97500223","817.47703098","1110991"
"1484438400","823.498","805","818.7012449","732380"
"1484524800","834.15680536","816","829.00000001","643792"
"1484611200","908.53017772","827.75970935","902.70000066","2679383"
"1484697600","912","850","886.20000033","1959863"
"1484784000","906.999999","883.3","900.23240036","1219112"
"1484870400","902.42999999","882.5432","895","841765"
"1484956800","928.51849391","894.00000001","925.70599998","1397883"
"1485043200","939.06071045","894.10010012","924.11939955","1567170"
"1485129600","927.2351","912.22165","912.22165","1425305"
"1485216000","923","884.281","885.00000008","2149635"
"1485302400","899.99","882.08","892.66777263","948855"
"1485388800","918","892.66777263","914.09767069","997564"
"1485475200","921.65","907.8","917.02745093","781208"
"1485561600","926","909.9873","918.58600386","828333"
"1485648000","923","911.86040584","914.9998","372564"
"1485734400","920","911.16052226","918","327532"
"1485820800","970","916.75","967.12176383","1647534"
"1485907200","986","955.4","983","1644502"
"1485993600","1009.999999","968.2776983","1007.99699708","2242695"
"1486080000","1023","989","1015.04315425","1960600"
"1486166400","1040","1002.23999999","1032.95","1587073"
"1486252800","1034","999","1010","1448222"
"1486339200","1025","1007.30000001","1021.20000021","560751"
"1486425600","1055.29399983","1020.60000001","1052.00000003","1102651"
"1486512000","1069.06999999","1015","1050.98999999","2142753"
"1486598400","1077.99999998","898.18028762","987.00000001","6958597"
"1486684800","1004.99","901.99999995","995.29110341","2487858"
"1486771200","1010","984.1","1000.50000023","1135899"
"1486857600","1005","991.57565803","996.50000001","621557"
"1486944000","1004.20000001","975.85416898","995.11000001","857268"
"1487030400","1019","988.91109699","1012.10000524","1207110"
"1487116800","1018","1002.32721451","1014.83589839","680988"
"1487203200","1045","1011.6","1039.49925987","964262"
"1487289600","1063.58","1035.00000001","1053.67070767","1311452"
"1487376000","1070","1051.11500341","1057.7862231","919652"
"1487462400","1066.19785215","1045.00000001","1058.17262239","707934"
"1487548800","1095","1040.00755062","1094.71027735","1387040"
"1487635200","1133.55363963","1083.333","1127","2656343"
"1487721600","1138.9786543","1108.55","1126","1182696"
"1487808000","1195","1120","1188","1936980"
"1487894400","1225","1107.51","1188.11048987","7018124"
"1487980800","1191.116","1129","1153","2634468"
"1488067200","1189","1134","1179","1216121"
"1488153600","1199","1171.37648778","1192.2","1453567"
"1488240000","1208.092","1178.11","1185.00000201","2167634"
"1488326400","1234.48999999","1183.0000001","1234","3283736"
"1488412800","1279.50000001","1212.26243937","1258.43","5983817"
"1488499200","1294.97999998","1252.50000002","1287.95000001","4588433"
"1488585600","1291.53675867","1235","1267.99999982","3571027"
"1488672000","1280","1241.0899","1276.00290001","2335489"
"1488758400","1287","1267.75010435","1274.3162846","1890269"
"1488844800","1282","1169.05515973","1231.26","6024888"
"1488931200","1243.64892872","1143.00000021","1146.00000025","6603168"
"1489017600","1210","1135","1192.91479877","5097344"
"1489104000","1365","1000","1113","18086024"
"1489190400","1200.00000001","1105","1175.00999951","7782516"
"1489276800","1232.3","1166.72254864","1224.4","5703290"
"1489363200","1249.00000004","1171","1237","8987304"
"1489449600","1260","1220.5","1243.22313985","4361732"
"1489536000","1267.51000001","1241.58999971","1255.0099998","5010240"
"1489622400","1265.20000004","1119.31","1166","14513281"
"1489708800","1173.99999969","1052","1070","17732666"
"1489795200","1095.07999999","935","966.00000029","20086872"
"1489881600","1063.456","965.00000003","1015.1","12207329"
"1489968000","1053.49999998","1010","1036.88000006","5606782"
"1490054400","1123.4","1034","1117.97999765","9763917"
"1490140800","1118","986.22000007","1037.69999999","11601986"
"1490227200","1057.006","1002.52000002","1034.99999987","5107689"
"1490313600","1037.50588201","930.1","942.51000039","13381400"
"1490400000","980.08958297","888.98999998","971.95083163","13539527"
"1490486400","1008.49999999","948.42378187","963.04740785","8418519"
"1490572800","1046.52104237","957.673528","1040.25000001","9665623"
"1490659200","1066","1015.5","1042.34645781","7787918"
"1490745600","1057.98","1008","1040","6149111"
"1490832000","1053.29999995","1022","1040.59908959","7528565"
"1490918400","1095","1036.79880654","1081.36295113","10672163"
"1491004800","1107.11526922","1069.00000101","1095.87488705","6334579"
"1491091200","1140","1075","1106.63248382","17178718"
"1491177600","1161","1101.01","1151.2102033","17393398"
"1491264000","1164.43609029","1122.38204087","1143.90818147","10546892"
"1491350400","1147.88568475","1113.49769376","1139.99999994","10383414"
"1491436800","1220","1137.23976888","1193.92000001","14807549"
"1491523200","1208","1176.52610038","1197.58999997","9709020"
"1491609600","1207.76999999","1172.40000002","1189.68903824","5942459"
"1491696000","1227.32926696","1180.00000002","1216.54157433","7033619"
"1491782400","1228.99999993","1202","1219.49999999","4710062"
"1491868800","1246.17325885","1205.98","1235.99999901","4563138"
"1491955200","1240.24999996","1220.57","1227.00000044","6514305"
"1492041600","1240","1160.99998944","1186.00000004","9560771"
"1492128000","1221.73333333","1183.98989962","1207.5051791","5774865"
"1492214400","1218","1185.99999959","1194.54959853","4947169"
"1492300800","1217.00000001","1190.00000009","1212.5","3253026"
"1492387200","1240.48624047","1205.26","1238.99999999","7497021"
"1492473600","1279.99999999","1236.50000223","1268.04810031","9455075"
"1492560000","1293","1257.00000001","1262.88999999","6540119"
"1492646400","1328","1260","1306.65000023","8629088"
"1492732800","1334.99999999","1305.55","1328","6823843"
"1492819200","1349","1291.63403611","1346","6871016"
"1492905600","1366.9","1336.33991796","1352.19356875","7462767"
"1492992000","1357.76054805","1325.95555477","1347.39901051","7107234"
"1493078400","1380.81459654","1341.0960042","1371.30000001","6630005"
"1493164800","1412.93003847","1364.65264554","1398.62832429","8147237"
"1493251200","1448.88882222","1390.00000009","1439.38101398","9877013"
"1493337600","1450","1369.54757195","1413.29999998","12034818"
"1493424000","1438","1404.1203479","1424.63835519","11151114"
"1493510400","1442.75347154","1402","1435.08977391","9521701"
"1493596800","1585.16","1429.01149368","1529.99999999","20038395"
"1493683200","1615.02380427","1510","1561.907","11571053"
"1493769600","1628.88882222","1545.30940914","1615.62000002","15060856"
"1493856000","1699.13","1515","1603.89857162","26329240"
"1493942400","1663.9717299","1454.12233181","1543.4","32397184"
"1494028800","1629.48","1540.34490983","1598.2058167","21397848"
"1494115200","1657","1568","1620.15","30423501"
"1494201600","1723.99999999","1609.99000001","1705.6743542","35687457"
"1494288000","1813.8000001","1690.09940342","1758.51393978","31031382"
"1494374400","1816.38960565","1705.1","1799.99999997","19590186"
"1494460800","1900.99899995","1757.41238003","1860.10327257","23108792"
"1494547200","1876.88899399","1704","1735.70623556","22671159"
"1494633600","1828.56892521","1651.95470847","1822.18209573","15487324"
"1494720000","1855","1776.777","1826","11894862"
"1494806400","1835","1720","1771.09832331","17995978"
"1494892800","1799.99","1719","1787.00000024","20535506"
"1494979200","1897.9","1770.13994165","1872.99999994","25413098"
"1495065600","1948","1852.28556046","1942.14469914","18368974"
"1495152000","1994","1925.99999996","1966.99999984","21303398"
"1495238400","2075.51461898","1959.94713601","2074.60645908","18428479"
"1495324800","2099.99999999","1985","2030.99999999","19641402"
"1495411200","2229.19999997","1975.19120351","2090.00000006","32492458"
"1495497600","2245","2065","2244.89495691","23111448"
"1495584000","2447.99999999","2220","2389.00000017","34548265"
"1495670400","2698.36062429","2075.05493865","2210","71553361"
"1495756800","2484.45555317","1928","2130.82794284","64314551"
"1495843200","2205.56738819","1538","1972.76599998","92665867"
"1495929600","2196","1850","2057.10000001","53655830"
"1496016000","2252.3002892","1976.01000001","2207","33996389"
"1496102400","2284","2050.5","2139.99999999","40157964"
"1496188800","2240.50000002","2005.93937735","2196.99999967","32306413"
"1496275200","2368.55663483","2171.08644538","2314.59525181","40944880"
"1496361600","2413.92321999","2267.9299436","2408","22364557"
"1496448000","2482.25","2344.2680156","2455.30084836","23687278"
"1496534400","2497.21329063","2374","2483.55","21332021"
"1496620800","2635.35652085","2477.48999998","2635.35652085","22372229"
"1496707200","2894.99999999","2580","2846","81923184"
"1496793600","2862.54525257","2564","2645.50430872","49070430"
"1496880000","2797.14511794","2558.9","2788","34013412"
"1496966400","2850.99999949","2769.11589253","2816.09973687","25275425"
"1497052800","2906.16026926","2760","2811.82022002","30620792"
"1497139200","2977","2784.00000002","2937.1","30830678"
"1497225600","2965","2300","2571.05013426","88704710"
"1497312000","2750","2513.58496152","2676.77469678","42251296"
"1497398400","2729.21","2273.1","2386.78070979","63183088"
"1497484800","2459.85750006","2012","2374.46992685","104677533"
"1497571200","2477.48703455","2240","2435.00000001","43479966"
"1497657600","2640","2369.61451577","2607.14769572","36800919"
"1497744000","2640.44856603","2408","2492.3","46411759"
"1497830400","2596.3421559","2481.49782383","2583.04709526","28294406"
"1497916800","2785.52657367","2563.73","2668.00000301","36903854"
"1498003200","2775.81626497","2541.20794418","2620","43815656"
"1498089600","2704.94331536","2544","2673.37636987","22304647"
"1498176000","2720","2650","2670","13090231"
"1498262400","2687.99999999","2450.92370001","2503.48203847","34088563"
"1498348800","2602.08518563","2359.10291486","2481.8117977","41560204"
"1498435200","2508.92659464","2192.00000001","2395.28891992","73840480"
"1498521600","2515.99999999","2168.333","2510","62426319"
"1498608000","2560.79000002","2390.38105202","2513.00000002","39676839"
"1498694400","2539.5783773","2398.9622295","2468.47472319","31738707"
"1498780800","2510","2402.11","2423.6613876","22464915"
"1498867200","2441.99999996","2284","2346.54237323","27320209"
"1498953600","2465","2295.4139943","2435.14325217","24458197"
"1499040000","2591.89899","2417.54545454","2536.4577091","32364235"
"1499126400","2624.12345003","2530.01475643","2603.0000001","7872389"
"1499212800","2619.90012345","2480.61","2599.00010597","19375861"
"1499299200","2605.44380335","2546.38790528","2589.9457086","13985440"
"1499385600","2599.81347213","2423","2477","30327873"
"1499472000","2549.27253246","2420","2549.27253246","22059814"
"1499558400","2559","2470","2473.1147386","14494306"
"1499644800","2499.59999999","2244","2316","45871920"
"1499731200","2375.425162","2183.00000001","2283.99552336","57419123"
"1499817600","2398.445","2195.00000004","2375.92499996","40112388"
"1499904000","2400","2284.01","2327.26714203","32875535"
"1499990400","2350","2133.99999997","2205.90730017","33293525"
"1500076800","2213.87290324","1972.00001","1977.5","59275252"
"1500163200","2054","1835.00027699","1925.89999989","66403515"
"1500249600","2224.84499999","1922.19330015","2223.40308238","59429221"
"1500336000","2390","2117.27096332","2299.99999958","74187365"
"1500422400","2409.90497","2210","2249.99999972","53165309"
"1500508800","2925.99999999","2246.91570781","2855","115996549"
"1500595200","2864.00000006","2600.5","2666.69902964","74807686"
"1500681600","2909.51102727","2646.5026124","2847","58251215"
"1500768000","2880.1512172","2655","2751.43083445","45486459"
"1500854400","2815.51744787","2705.01","2769.36363636","32987032"
"1500940800","2800","2417.33001","2565.99999948","102645701"
"1501027200","2619.96493511","2400","2526.35064673","52104922"
"1501113600","2695.65148429","2506.44022736","2669.999998","36320872"
"1501200000","2844.23","2660","2789.98120002","54072388"
"1501286400","2794.9","2659.00000005","2719.00000003","25901757"
"1501372800","2753.48609939","2619.97526495","2753","22700308"
"1501459200","2882.99999994","2692.17417055","2855","29353388"
"1501545600","2927.00000002","2640","2736.48268487","52056978"
"1501632000","2760.46813195","2667.6606257","2699","23714653"
"1501718400","2808.77059872","2698","2794.88999995","15339545"
"1501804800","2879.90000004","2762.00000002","2863.0099985","17359065"
"1501891200","3333","2852.82382318","3256.53665595","61195311"
"1501977600","3309","3143","3228.99999993","28805789"
"1502064000","3436.20089999","3191","3398.99999999","29894673"
"1502150400","3480","3350","3411","38268744"
"1502236800","3429.42220025","3229.18977781","3334.33601873","33829413"
"1502323200","3444.999999","3306.19746171","3415.86609324","21173252"
"1502409600","3674.9","3400.88","3641.33709998","26030562"
"1502496000","3767.50499997","3591.56508346","3767.50499997","10854285"
"1502582400","4254.88402546","3833","4025","68906069"
"1502668800","4245","3965","4186","18614859"
"1502755200","4426","3761.70461157","4149","80209337"
"1502841600","4395.55499999","3926","4380.99999999","40427286"
"1502928000","4489.20999994","4180","4262","47385213"
"1503100800","4187.8917385","3910","4153.15004127","60325938"
"1503187200","4185.5046549","4035.33083709","4064.35183919","27090166"
"1503273600","4100.6799598","3950","4003.56396759","39078280"
"1503360000","4095","3601.00000005","4059.99999999","61847268"
"1503446400","4249","4020.00000003","4137.999999","42668780"
"1503532800","4365","4105","4321.00000001","31309088"
"1503619200","4455.123","4261.19417368","4361.29113917","30464790"
"1503705600","4375","4248.61386148","4349.89999989","23915210"
"1503792000","4398","4249.39291","4353","16300594"
"1503878400","4399.99","4170.0000005","4376.92999999","32585870"
"1503964800","4650","4336","4600.5","31728544"
"1504051200","4632.19603703","4465.89999997","4573.71111565","23316862"
"1504137600","4742.4189453","4563.93900054","4714.99999972","23686692"
"1504224000","4899","4664.63384397","4891.99999996","40976930"
"1504310400","4950","4361.18000002","4504.97041116","88322864"
"1504396800","4730","4330","4604.99999999","44236678"
"1504483200","4609.41189999","4021.8","4176.42481114","80401699"
"1504569600","4472.35273107","3910","4387.71271213","59766270"
"1504656000","4630.57664352","4349.09835001","4591.76046022","37844483"
"1504742400","4685.12007432","4447.22235","4613.9012659","28576557"
"1504828800","4678.1","4050","4300.00000001","74425083"
"1504915200","4377.59999999","4150","4326.19327479","24990486"
"1505001600","4322.93224359","3973.65663723","4230","37268057"
"1505088000","4370","4120.786","4200","27663197"
"1505174400","4376.40009654","4050.7196195","4143.78877786","32191968"
"1505260800","4158.54014199","3738","3863.12000003","59689327"
"1505347200","3931.34184627","3203","3241.99999993","96574456"
"1505433600","3817.74999997","2927.40000002","3787.00000003","133207358"
"1505606400","3772","3470.11000004","3735.00000005","26293508"
"1505779200","4109.69756083","3830.00000001","3929.99999856","32439089"
"1505865600","3962.78463164","3831.10000001","3915.90000013","9575205"
"1506211200","3802.26862745","3612.27878477","3670.20000007","10205018"
"1506297600","3975.3307","3655.88281585","3900.1","21116389"
"1506384000","3990.9","3845","3892.69885247","14949959"
"1506470400","4220","3879.00000001","4190","27146860"
"1506556800","4277.99999989","4149.294192","4205.1000006","18388612"
"1506643200","4222.79999999","4010.1","4199.92999994","16701232"
"1505520000","3895.00000002","3504.761","3686.19615279","50749399"
"1505692800","4114.27670678","3671.0002","4078","43856927"
"1505952000","3918.21099997","3558.00000001","3600.00000001","36493119"
"1506038400","3745.37997275","3490.20653793","3590","31037034"
"1506124800","3811","3556.00001","3784.99999999","18063911"
"1506729600","4390","4164.00000001","4365.00000006","16074622"
"1506816000","4421","4255.51288978","4405.59999976","12914927"
"1506902400","4486.99999999","4358","4380","16074788"
"1506988800","4434.01234","4233","4298.99999987","10628489"
